18/04/2014;14516.27
17/04/2014;14417.53
16/04/2014;14417.68
15/04/2014;13996.81
14/04/2014;13910.16
11/04/2014;13960.05
10/04/2014;14300.12
09/04/2014;14299.69
08/04/2014;14606.88
07/04/2014;14808.85
04/04/2014;15063.77
03/04/2014;15071.88
02/04/2014;14946.32
01/04/2014;14791.99
31/03/2014;14827.83
28/03/2014;14696.03
27/03/2014;14622.89
26/03/2014;14477.16
25/03/2014;14423.19
24/03/2014;14475.3
20/03/2014;14224.23
19/03/2014;14462.52
18/03/2014;14411.27
17/03/2014;14277.67
14/03/2014;14327.66
13/03/2014;14815.98
12/03/2014;14830.39
11/03/2014;15224.11
10/03/2014;15120.14
07/03/2014;15274.07
06/03/2014;15134.75
05/03/2014;14897.63
04/03/2014;14721.48
03/03/2014;14652.23
28/02/2014;14841.07
27/02/2014;14923.11
26/02/2014;14970.97
25/02/2014;15051.6
24/02/2014;14837.68
21/02/2014;14865.67
20/02/2014;14449.18
19/02/2014;14766.53
18/02/2014;14843.24
17/02/2014;14393.11
14/02/2014;14313.03
13/02/2014;14534.74
12/02/2014;14800.06
10/02/2014;14718.34
07/02/2014;14462.41
06/02/2014;14155.12
05/02/2014;14180.38
04/02/2014;14008.47
03/02/2014;14619.13
31/01/2014;14914.53
30/01/2014;15007.06
29/01/2014;15383.91
28/01/2014;14980.16
27/01/2014;15005.73
24/01/2014;15391.56
23/01/2014;15695.89
22/01/2014;15820.96
21/01/2014;15795.96
20/01/2014;15641.68
17/01/2014;15734.46
16/01/2014;15747.2
15/01/2014;15808.73
14/01/2014;15422.4
10/01/2014;15912.06
09/01/2014;15880.33
08/01/2014;16121.45
07/01/2014;15814.37
06/01/2014;15908.88
30/12/2013;16291.31
27/12/2013;16178.94
26/12/2013;16174.44
25/12/2013;16009.99
24/12/2013;15889.33
20/12/2013;15870.42
19/12/2013;15859.22
18/12/2013;15587.8
17/12/2013;15278.63
16/12/2013;15152.91
13/12/2013;15403.11
12/12/2013;15341.82
11/12/2013;15515.06
10/12/2013;15611.31
09/12/2013;15650.21
06/12/2013;15299.86
05/12/2013;15177.49
04/12/2013;15407.94
03/12/2013;15749.66
02/12/2013;15655.07
29/11/2013;15661.87
28/11/2013;15727.12
27/11/2013;15449.63
26/11/2013;15515.24
25/11/2013;15619.13
22/11/2013;15381.72
21/11/2013;15365.6
20/11/2013;15076.08
19/11/2013;15126.56
18/11/2013;15164.3
15/11/2013;15165.92
14/11/2013;14876.41
13/11/2013;14567.16
12/11/2013;14588.68
11/11/2013;14269.84
08/11/2013;14086.8
07/11/2013;14228.44
06/11/2013;14337.31
05/11/2013;14225.37
01/11/2013;14201.57
31/10/2013;14327.94
30/10/2013;14502.35
29/10/2013;14325.98
28/10/2013;14396.04
25/10/2013;14088.19
24/10/2013;14486.41
23/10/2013;14426.05
22/10/2013;14713.25
21/10/2013;14693.57
18/10/2013;14561.54
17/10/2013;14586.51
16/10/2013;14467.14
15/10/2013;14441.54
11/10/2013;14404.74
10/10/2013;14194.71
09/10/2013;14037.84
08/10/2013;13894.61
07/10/2013;13853.32
04/10/2013;14024.31
03/10/2013;14157.25
02/10/2013;14170.49
01/10/2013;14484.72
30/09/2013;14455.8
27/09/2013;14760.07
26/09/2013;14799.12
25/09/2013;14620.53
24/09/2013;14732.61
20/09/2013;14742.42
19/09/2013;14766.18
18/09/2013;14505.36
17/09/2013;14311.67
13/09/2013;14404.67
12/09/2013;14387.27
11/09/2013;14425.07
10/09/2013;14423.36
09/09/2013;14205.23
06/09/2013;13860.81
05/09/2013;14064.82
04/09/2013;14053.87
03/09/2013;13978.44
02/09/2013;13572.92
30/08/2013;13388.86
29/08/2013;13459.71
28/08/2013;13338.46
27/08/2013;13542.37
26/08/2013;13636.28
23/08/2013;13660.55
22/08/2013;13365.17
21/08/2013;13424.33
20/08/2013;13396.38
19/08/2013;13758.13
16/08/2013;13650.11
15/08/2013;13752.94
14/08/2013;14050.16
13/08/2013;13867
12/08/2013;13519.43
09/08/2013;13615.19
08/08/2013;13605.56
07/08/2013;13824.94
06/08/2013;14401.06
05/08/2013;14258.04
02/08/2013;14466.16
01/08/2013;14005.77
31/07/2013;13668.32
30/07/2013;13869.82
29/07/2013;13661.13
26/07/2013;14129.98
25/07/2013;14562.93
24/07/2013;14731.28
23/07/2013;14778.51
22/07/2013;14658.04
19/07/2013;14589.91
18/07/2013;14808.5
17/07/2013;14615.04
16/07/2013;14599.12
12/07/2013;14506.25
11/07/2013;14472.58
10/07/2013;14416.6
09/07/2013;14472.9
08/07/2013;14109.34
05/07/2013;14309.97
04/07/2013;14018.93
03/07/2013;14055.56
02/07/2013;14098.74
01/07/2013;13852.5
28/06/2013;13677.32
27/06/2013;13213.55
26/06/2013;12834.01
25/06/2013;12969.34
24/06/2013;13062.78
21/06/2013;13230.13
20/06/2013;13014.58
19/06/2013;13245.22
18/06/2013;13007.28
17/06/2013;13033.12
14/06/2013;12686.52
13/06/2013;12445.38
12/06/2013;13289.32
11/06/2013;13317.62
10/06/2013;13514.2
07/06/2013;12877.53
06/06/2013;12904.02
05/06/2013;13014.87
04/06/2013;13533.76
03/06/2013;13261.82
31/05/2013;13774.54
30/05/2013;13589.03
29/05/2013;14326.46
28/05/2013;14311.98
27/05/2013;14142.65
24/05/2013;14612.45
23/05/2013;14483.98
22/05/2013;15627.26
21/05/2013;15381.02
20/05/2013;15360.81
17/05/2013;15138.12
16/05/2013;15037.24
15/05/2013;15096.03
14/05/2013;14758.42
13/05/2013;14782.21
10/05/2013;14607.54
09/05/2013;14191.48
08/05/2013;14285.69
07/05/2013;14180.24
02/05/2013;13694.04
01/05/2013;13799.35
30/04/2013;13860.86
26/04/2013;13884.13
25/04/2013;13926.08
24/04/2013;13843.46
23/04/2013;13529.65
22/04/2013;13568.37
19/04/2013;13316.48
18/04/2013;13220.07
17/04/2013;13382.89
16/04/2013;13221.44
15/04/2013;13275.66
12/04/2013;13485.14
11/04/2013;13549.16
10/04/2013;13288.13
09/04/2013;13192.35
08/04/2013;13192.59
05/04/2013;12833.64
04/04/2013;12634.54
03/04/2013;12362.2
02/04/2013;12003.43
01/04/2013;12135.02
29/03/2013;12397.91
28/03/2013;12335.96
27/03/2013;12493.79
26/03/2013;12471.62
25/03/2013;12546.46
22/03/2013;12338.53
21/03/2013;12635.69
19/03/2013;12468.23
18/03/2013;12220.63
15/03/2013;12560.95
14/03/2013;12381.19
13/03/2013;12239.66
12/03/2013;12314.81
11/03/2013;12349.05
08/03/2013;12283.62
07/03/2013;11968.08
06/03/2013;11932.27
05/03/2013;11683.45
04/03/2013;11652.29
01/03/2013;11606.38
28/02/2013;11559.36
27/02/2013;11253.97
26/02/2013;11398.81
25/02/2013;11662.52
22/02/2013;11385.94
21/02/2013;11309.13
20/02/2013;11468.28
19/02/2013;11372.34
18/02/2013;11407.87
15/02/2013;11173.83
14/02/2013;11307.28
13/02/2013;11251.41
12/02/2013;11369.12
08/02/2013;11153.16
07/02/2013;11357.07
06/02/2013;11463.75
05/02/2013;11046.92
04/02/2013;11260.35
01/02/2013;11191.34
31/01/2013;11138.66
30/01/2013;11113.95
29/01/2013;10866.72
28/01/2013;10824.31
25/01/2013;10926.65
24/01/2013;10620.87
23/01/2013;10486.99
22/01/2013;10709.93
21/01/2013;10747.74
18/01/2013;10913.3
17/01/2013;10609.64
16/01/2013;10600.44
15/01/2013;10879.08
11/01/2013;10801.57
10/01/2013;10652.64
09/01/2013;10578.57
08/01/2013;10508.06
07/01/2013;10599.01
04/01/2013;10688.11
28/12/2012;10395.18
27/12/2012;10322.98
26/12/2012;10230.36
25/12/2012;10080.12
21/12/2012;9940.06
20/12/2012;10039.33
19/12/2012;10160.4
18/12/2012;9923.01
17/12/2012;9828.88
14/12/2012;9737.56
13/12/2012;9742.73
12/12/2012;9581.46
11/12/2012;9525.32
10/12/2012;9533.75
07/12/2012;9527.39
06/12/2012;9545.16
05/12/2012;9468.84
04/12/2012;9432.46
03/12/2012;9458.18
30/11/2012;9446.01
29/11/2012;9400.88
28/11/2012;9308.35
27/11/2012;9423.3
26/11/2012;9388.94
22/11/2012;9366.8
21/11/2012;9222.52
20/11/2012;9142.64
19/11/2012;9153.2
16/11/2012;9024.16
15/11/2012;8829.72
14/11/2012;8664.73
13/11/2012;8661.05
12/11/2012;8676.44
09/11/2012;8757.6
08/11/2012;8837.15
07/11/2012;8972.89
06/11/2012;8975.15
05/11/2012;9007.44
02/11/2012;9051.22
01/11/2012;8946.87
31/10/2012;8928.29
30/10/2012;8841.98
29/10/2012;8929.34
26/10/2012;8933.06
25/10/2012;9055.2
24/10/2012;8954.3
23/10/2012;9014.25
22/10/2012;9010.71
19/10/2012;9002.68
18/10/2012;8982.86
17/10/2012;8806.55
16/10/2012;8701.31
15/10/2012;8577.93
12/10/2012;8534.12
11/10/2012;8546.78
10/10/2012;8596.23
09/10/2012;8769.59
05/10/2012;8863.3
04/10/2012;8824.59
03/10/2012;8746.87
02/10/2012;8786.05
01/10/2012;8796.51
28/09/2012;8870.16
27/09/2012;8949.87
26/09/2012;8906.7
25/09/2012;9091.54
24/09/2012;9069.29
21/09/2012;9110
20/09/2012;9086.98
19/09/2012;9232.21
18/09/2012;9123.77
14/09/2012;9159.39
13/09/2012;8995.15
12/09/2012;8959.96
11/09/2012;8807.38
10/09/2012;8869.37
07/09/2012;8871.65
06/09/2012;8680.57
05/09/2012;8679.82
04/09/2012;8775.51
03/09/2012;8783.89
31/08/2012;8839.91
30/08/2012;8983.78
29/08/2012;9069.81
28/08/2012;9033.29
27/08/2012;9085.39
24/08/2012;9070.76
23/08/2012;9178.12
22/08/2012;9131.74
21/08/2012;9156.92
20/08/2012;9171.16
17/08/2012;9162.5
16/08/2012;9092.76
15/08/2012;8925.04
14/08/2012;8929.88
13/08/2012;8885.15
10/08/2012;8891.44
09/08/2012;8978.6
08/08/2012;8881.16
07/08/2012;8803.31
06/08/2012;8726.29
03/08/2012;8555.11
02/08/2012;8653.18
01/08/2012;8641.85
31/07/2012;8695.06
30/07/2012;8635.44
27/07/2012;8566.64
26/07/2012;8443.1
25/07/2012;8365.9
24/07/2012;8488.09
23/07/2012;8508.32
20/07/2012;8669.87
19/07/2012;8795.55
18/07/2012;8726.74
17/07/2012;8755
13/07/2012;8724.12
12/07/2012;8720.01
11/07/2012;8851
10/07/2012;8857.73
09/07/2012;8896.88
06/07/2012;9020.75
05/07/2012;9079.8
04/07/2012;9104.17
03/07/2012;9066.59
02/07/2012;9003.48
29/06/2012;9006.78
28/06/2012;8874.11
27/06/2012;8730.49
26/06/2012;8663.99
25/06/2012;8734.62
22/06/2012;8798.35
21/06/2012;8824.07
20/06/2012;8752.31
19/06/2012;8655.87
18/06/2012;8721.02
15/06/2012;8569.32
14/06/2012;8568.89
13/06/2012;8587.84
12/06/2012;8536.72
11/06/2012;8624.9
08/06/2012;8459.26
07/06/2012;8639.72
06/06/2012;8533.53
05/06/2012;8382
04/06/2012;8295.63
01/06/2012;8440.25
31/05/2012;8542.73
30/05/2012;8633.19
29/05/2012;8657.08
28/05/2012;8593.15
25/05/2012;8580.39
24/05/2012;8563.38
23/05/2012;8556.6
22/05/2012;8729.29
21/05/2012;8633.89
18/05/2012;8611.31
17/05/2012;8876.59
16/05/2012;8801.17
15/05/2012;8900.74
14/05/2012;8973.84
11/05/2012;8953.31
10/05/2012;9009.65
09/05/2012;9045.06
08/05/2012;9181.65
07/05/2012;9119.14
02/05/2012;9380.25
01/05/2012;9350.95
27/04/2012;9520.89
26/04/2012;9561.83
25/04/2012;9561.01
24/04/2012;9468.04
23/04/2012;9542.17
20/04/2012;9561.36
19/04/2012;9588.38
18/04/2012;9667.26
17/04/2012;9464.71
16/04/2012;9470.64
13/04/2012;9637.99
12/04/2012;9524.79
11/04/2012;9458.74
10/04/2012;9538.02
09/04/2012;9546.26
06/04/2012;9688.45
05/04/2012;9767.61
04/04/2012;9819.99
03/04/2012;10050.39
02/04/2012;10109.87
30/03/2012;10083.56
29/03/2012;10114.79
28/03/2012;10182.57
27/03/2012;10255.15
26/03/2012;10018.24
23/03/2012;10011.47
22/03/2012;10127.08
21/03/2012;10086.49
19/03/2012;10141.99
16/03/2012;10129.83
15/03/2012;10123.28
14/03/2012;10050.52
13/03/2012;9899.08
12/03/2012;9889.86
09/03/2012;9929.74
08/03/2012;9768.96
07/03/2012;9576.06
06/03/2012;9637.63
05/03/2012;9698.59
02/03/2012;9777.03
01/03/2012;9707.37
29/02/2012;9723.24
28/02/2012;9722.52
27/02/2012;9633.93
24/02/2012;9647.38
23/02/2012;9595.57
22/02/2012;9554
21/02/2012;9463.02
20/02/2012;9485.09
17/02/2012;9384.17
16/02/2012;9238.1
15/02/2012;9260.34
14/02/2012;9052.07
13/02/2012;8999.18
10/02/2012;8947.17
09/02/2012;9002.24
08/02/2012;9015.59
07/02/2012;8917.52
06/02/2012;8929.2
03/02/2012;8831.93
02/02/2012;8876.82
01/02/2012;8809.79
31/01/2012;8802.51
30/01/2012;8793.05
27/01/2012;8841.22
26/01/2012;8849.47
25/01/2012;8883.69
24/01/2012;8785.33
23/01/2012;8765.9
20/01/2012;8766.36
19/01/2012;8639.68
18/01/2012;8550.58
17/01/2012;8466.4
16/01/2012;8378.36
13/01/2012;8500.02
12/01/2012;8385.59
11/01/2012;8447.88
10/01/2012;8422.26
06/01/2012;8390.35
05/01/2012;8488.71
04/01/2012;8560.11
30/12/2011;8455.35
29/12/2011;8398.89
28/12/2011;8423.62
27/12/2011;8440.56
26/12/2011;8479.34
22/12/2011;8395.16
21/12/2011;8459.98
20/12/2011;8336.48
19/12/2011;8296.12
16/12/2011;8401.72
15/12/2011;8377.37
14/12/2011;8519.13
13/12/2011;8552.81
12/12/2011;8653.82
09/12/2011;8536.46
08/12/2011;8664.58
07/12/2011;8722.17
06/12/2011;8575.16
05/12/2011;8695.98
02/12/2011;8643.75
01/12/2011;8597.38
30/11/2011;8434.61
29/11/2011;8477.82
28/11/2011;8287.49
25/11/2011;8160.01
24/11/2011;8165.18
22/11/2011;8314.74
21/11/2011;8348.27
18/11/2011;8374.91
17/11/2011;8479.63
16/11/2011;8463.16
15/11/2011;8541.93
14/11/2011;8603.7
11/11/2011;8514.47
10/11/2011;8500.8
09/11/2011;8755.44
08/11/2011;8655.51
07/11/2011;8767.09
04/11/2011;8801.4
02/11/2011;8640.42
01/11/2011;8835.52
31/10/2011;8988.39
28/10/2011;9050.47
27/10/2011;8926.54
26/10/2011;8748.47
25/10/2011;8762.31
24/10/2011;8843.98
21/10/2011;8678.89
20/10/2011;8682.15
19/10/2011;8772.54
18/10/2011;8741.91
17/10/2011;8879.6
14/10/2011;8747.96
13/10/2011;8823.25
12/10/2011;8738.9
11/10/2011;8773.68
07/10/2011;8605.62
06/10/2011;8522.02
05/10/2011;8382.98
04/10/2011;8456.12
03/10/2011;8545.48
30/09/2011;8700.29
29/09/2011;8701.23
28/09/2011;8615.65
27/09/2011;8609.95
26/09/2011;8374.13
22/09/2011;8560.26
21/09/2011;8741.16
20/09/2011;8721.24
16/09/2011;8864.16
15/09/2011;8668.86
14/09/2011;8518.57
13/09/2011;8616.55
12/09/2011;8535.67
09/09/2011;8737.66
08/09/2011;8793.12
07/09/2011;8763.41
06/09/2011;8590.57
05/09/2011;8784.46
02/09/2011;8950.74
01/09/2011;9060.8
31/08/2011;8955.2
30/08/2011;8953.9
29/08/2011;8851.35
26/08/2011;8797.78
25/08/2011;8772.36
24/08/2011;8639.61
23/08/2011;8733.01
22/08/2011;8628.13
19/08/2011;8719.24
18/08/2011;8943.76
17/08/2011;9057.26
16/08/2011;9107.43
15/08/2011;9086.41
12/08/2011;8963.72
11/08/2011;8981.94
10/08/2011;9038.74
09/08/2011;8944.48
08/08/2011;9097.56
05/08/2011;9299.88
04/08/2011;9659.18
03/08/2011;9637.14
02/08/2011;9844.59
01/08/2011;9965.01
29/07/2011;9833.03
28/07/2011;9901.35
27/07/2011;10047.19
26/07/2011;10097.72
25/07/2011;10050.01
22/07/2011;10132.11
21/07/2011;10010.39
20/07/2011;10005.9
19/07/2011;9889.72
15/07/2011;9974.47
14/07/2011;9936.12
13/07/2011;9963.14
12/07/2011;9925.92
11/07/2011;10069.53
08/07/2011;10137.73
07/07/2011;10071.14
06/07/2011;10082.48
05/07/2011;9972.46
04/07/2011;9965.09
01/07/2011;9868.07
30/06/2011;9816.09
29/06/2011;9797.26
28/06/2011;9648.98
27/06/2011;9578.31
24/06/2011;9678.71
23/06/2011;9596.74
22/06/2011;9629.43
21/06/2011;9459.66
20/06/2011;9354.32
17/06/2011;9351.4
16/06/2011;9411.28
15/06/2011;9574.32
14/06/2011;9547.79
13/06/2011;9448.21
10/06/2011;9514.44
09/06/2011;9467.15
08/06/2011;9449.46
07/06/2011;9442.95
06/06/2011;9380.35
03/06/2011;9492.21
02/06/2011;9555.04
01/06/2011;9719.61
31/05/2011;9693.73
30/05/2011;9504.97
27/05/2011;9521.94
26/05/2011;9562.05
25/05/2011;9422.88
24/05/2011;9477.17
23/05/2011;9460.63
20/05/2011;9607.08
19/05/2011;9620.82
18/05/2011;9662.08
17/05/2011;9567.02
16/05/2011;9558.3
13/05/2011;9648.77
12/05/2011;9716.65
11/05/2011;9864.26
10/05/2011;9818.76
09/05/2011;9794.38
06/05/2011;9859.2
02/05/2011;10004.2
28/04/2011;9849.74
27/04/2011;9691.84
26/04/2011;9558.69
25/04/2011;9671.96
22/04/2011;9682.21
21/04/2011;9685.77
20/04/2011;9606.82
19/04/2011;9441.03
18/04/2011;9556.65
15/04/2011;9591.52
14/04/2011;9653.92
13/04/2011;9641.18
12/04/2011;9555.26
11/04/2011;9719.7
08/04/2011;9768.08
07/04/2011;9590.93
06/04/2011;9584.37
05/04/2011;9615.55
04/04/2011;9718.89
01/04/2011;9708.39
31/03/2011;9755.1
30/03/2011;9708.79
29/03/2011;9459.08
28/03/2011;9478.53
25/03/2011;9536.13
24/03/2011;9435.01
23/03/2011;9449.47
22/03/2011;9608.32
18/03/2011;9206.75
17/03/2011;8962.67
16/03/2011;9093.72
15/03/2011;8605.15
14/03/2011;9620.49
11/03/2011;10254.43
10/03/2011;10434.38
09/03/2011;10589.5
08/03/2011;10525.19
07/03/2011;10505.02
04/03/2011;10693.66
03/03/2011;10586.02
02/03/2011;10492.38
01/03/2011;10754.03
28/02/2011;10624.09
25/02/2011;10526.76
24/02/2011;10452.71
23/02/2011;10579.1
22/02/2011;10664.7
21/02/2011;10857.53
18/02/2011;10842.8
17/02/2011;10836.64
16/02/2011;10808.29
15/02/2011;10746.67
14/02/2011;10725.54
10/02/2011;10605.65
09/02/2011;10617.83
08/02/2011;10635.98
07/02/2011;10592.04
04/02/2011;10543.52
03/02/2011;10431.36
02/02/2011;10457.36
01/02/2011;10274.5
31/01/2011;10237.92
28/01/2011;10360.34
27/01/2011;10478.66
26/01/2011;10401.9
25/01/2011;10464.42
24/01/2011;10345.11
21/01/2011;10274.52
20/01/2011;10437.31
19/01/2011;10557.1
18/01/2011;10518.98
17/01/2011;10502.86
14/01/2011;10499.04
13/01/2011;10589.76
12/01/2011;10512.8
11/01/2011;10510.68
07/01/2011;10541.04
06/01/2011;10529.76
05/01/2011;10380.77
04/01/2011;10398.1
30/12/2010;10228.92
29/12/2010;10344.54
28/12/2010;10292.63
27/12/2010;10355.99
24/12/2010;10279.19
22/12/2010;10346.48
21/12/2010;10370.53
20/12/2010;10216.41
17/12/2010;10303.83
16/12/2010;10311.29
15/12/2010;10309.78
14/12/2010;10316.77
13/12/2010;10293.89
10/12/2010;10211.95
09/12/2010;10285.88
08/12/2010;10232.33
07/12/2010;10141.1
06/12/2010;10167.23
03/12/2010;10178.32
02/12/2010;10168.52
01/12/2010;9988.05
30/11/2010;9937.04
29/11/2010;10125.99
26/11/2010;10039.56
25/11/2010;10079.76
24/11/2010;10030.11
22/11/2010;10115.19
19/11/2010;10022.39
18/11/2010;10013.63
17/11/2010;9811.66
16/11/2010;9797.1
15/11/2010;9827.51
12/11/2010;9724.81
11/11/2010;9861.46
10/11/2010;9830.52
09/11/2010;9694.49
08/11/2010;9732.92
05/11/2010;9625.99
04/11/2010;9358.78
02/11/2010;9159.98
01/11/2010;9154.72
29/10/2010;9202.45
28/10/2010;9366.03
27/10/2010;9387.03
26/10/2010;9377.38
25/10/2010;9401.16
22/10/2010;9426.71
21/10/2010;9376.48
20/10/2010;9381.6
19/10/2010;9539.45
18/10/2010;9498.49
15/10/2010;9500.25
14/10/2010;9583.51
13/10/2010;9403.51
12/10/2010;9388.64
08/10/2010;9588.88
07/10/2010;9684.81
06/10/2010;9691.43
05/10/2010;9518.76
04/10/2010;9381.06
01/10/2010;9404.23
30/09/2010;9369.35
29/09/2010;9559.38
28/09/2010;9495.76
27/09/2010;9603.14
24/09/2010;9471.67
22/09/2010;9566.32
21/09/2010;9602.11
17/09/2010;9626.09
16/09/2010;9509.5
15/09/2010;9516.56
14/09/2010;9299.31
13/09/2010;9321.82
10/09/2010;9239.17
09/09/2010;9098.39
08/09/2010;9024.6
07/09/2010;9226
06/09/2010;9301.32
03/09/2010;9114.13
02/09/2010;9062.84
01/09/2010;8927.02
31/08/2010;8824.06
30/08/2010;9149.26
27/08/2010;8991.06
26/08/2010;8906.48
25/08/2010;8845.39
24/08/2010;8995.14
23/08/2010;9116.69
20/08/2010;9179.38
19/08/2010;9362.68
18/08/2010;9240.54
17/08/2010;9161.68
16/08/2010;9196.67
13/08/2010;9253.46
12/08/2010;9212.59
11/08/2010;9292.85
10/08/2010;9551.05
09/08/2010;9572.49
06/08/2010;9642.12
05/08/2010;9653.92
04/08/2010;9489.34
03/08/2010;9694.01
02/08/2010;9570.31
30/07/2010;9537.3
29/07/2010;9696.02
28/07/2010;9753.27
27/07/2010;9496.85
26/07/2010;9503.66
23/07/2010;9430.96
22/07/2010;9220.88
21/07/2010;9278.83
20/07/2010;9300.46
16/07/2010;9408.36
15/07/2010;9685.53
14/07/2010;9795.24
13/07/2010;9537.23
12/07/2010;9548.11
09/07/2010;9585.32
08/07/2010;9535.74
07/07/2010;9279.65
06/07/2010;9338.04
05/07/2010;9266.78
02/07/2010;9203.71
01/07/2010;9191.6
30/06/2010;9382.64
29/06/2010;9570.67
28/06/2010;9693.94
25/06/2010;9737.48
24/06/2010;9928.34
23/06/2010;9923.7
22/06/2010;10112.89
21/06/2010;10238.01
18/06/2010;9995.02
17/06/2010;9999.4
16/06/2010;10067.15
15/06/2010;9887.89
14/06/2010;9879.85
11/06/2010;9705.25
10/06/2010;9542.65
09/06/2010;9439.13
08/06/2010;9537.94
07/06/2010;9520.8
04/06/2010;9901.19
03/06/2010;9914.19
02/06/2010;9603.24
01/06/2010;9711.83
31/05/2010;9768.7
28/05/2010;9762.98
27/05/2010;9639.72
26/05/2010;9522.66
25/05/2010;9459.89
24/05/2010;9758.4
21/05/2010;9784.54
20/05/2010;10030.31
19/05/2010;10186.84
18/05/2010;10242.64
17/05/2010;10235.76
14/05/2010;10462.51
13/05/2010;10620.55
12/05/2010;10394.03
11/05/2010;10411.1
10/05/2010;10530.7
07/05/2010;10364.59
06/05/2010;10695.69
30/04/2010;11057.4
28/04/2010;10924.79
27/04/2010;11212.66
26/04/2010;11165.79
23/04/2010;10914.46
22/04/2010;10949.09
21/04/2010;11090.05
20/04/2010;10900.68
19/04/2010;10908.77
16/04/2010;11102.18
15/04/2010;11273.79
14/04/2010;11204.9
13/04/2010;11161.23
12/04/2010;11251.9
09/04/2010;11204.34
08/04/2010;11168.2
07/04/2010;11292.83
06/04/2010;11282.32
05/04/2010;11339.3
02/04/2010;11286.09
01/04/2010;11244.4
31/03/2010;11089.94
30/03/2010;11097.14
29/03/2010;10986.47
26/03/2010;10996.37
25/03/2010;10828.85
24/03/2010;10815.03
23/03/2010;10774.15
19/03/2010;10824.72
18/03/2010;10744.03
17/03/2010;10846.98
16/03/2010;10721.71
15/03/2010;10751.98
12/03/2010;10751.26
11/03/2010;10664.95
10/03/2010;10563.92
09/03/2010;10567.65
08/03/2010;10585.92
05/03/2010;10368.96
04/03/2010;10145.72
03/03/2010;10253.14
02/03/2010;10221.84
01/03/2010;10172.06
26/02/2010;10126.03
25/02/2010;10101.96
24/02/2010;10198.83
23/02/2010;10352.1
22/02/2010;10400.47
19/02/2010;10123.58
18/02/2010;10335.69
17/02/2010;10306.83
16/02/2010;10034.25
15/02/2010;10013.3
12/02/2010;10092.19
10/02/2010;9963.99
09/02/2010;9932.9
08/02/2010;9951.82
05/02/2010;10057.09
04/02/2010;10355.98
03/02/2010;10404.33
02/02/2010;10371.09
01/02/2010;10205.02
29/01/2010;10198.04
28/01/2010;10414.29
27/01/2010;10252.08
26/01/2010;10325.28
25/01/2010;10512.69
22/01/2010;10590.55
21/01/2010;10868.41
20/01/2010;10737.52
19/01/2010;10764.9
18/01/2010;10855.08
15/01/2010;10982.1
14/01/2010;10907.68
13/01/2010;10735.03
12/01/2010;10879.14
08/01/2010;10798.32
07/01/2010;10681.66
06/01/2010;10731.45
05/01/2010;10681.83
04/01/2010;10654.79
30/12/2009;10546.44
29/12/2009;10638.06
28/12/2009;10634.23
25/12/2009;10494.71
24/12/2009;10536.92
22/12/2009;10378.03
21/12/2009;10183.47
18/12/2009;10142.05
17/12/2009;10163.8
16/12/2009;10177.41
15/12/2009;10083.48
14/12/2009;10105.68
11/12/2009;10107.87
10/12/2009;9862.82
09/12/2009;10004.72
08/12/2009;10140.47
07/12/2009;10167.6
04/12/2009;10022.59
03/12/2009;9977.67
02/12/2009;9608.94
01/12/2009;9572.2
30/11/2009;9345.55
27/11/2009;9081.52
26/11/2009;9383.24
25/11/2009;9441.64
24/11/2009;9401.58
20/11/2009;9497.68
19/11/2009;9549.47
18/11/2009;9676.8
17/11/2009;9729.93
16/11/2009;9791.18
13/11/2009;9770.31
12/11/2009;9804.49
11/11/2009;9871.68
10/11/2009;9870.73
09/11/2009;9808.99
06/11/2009;9789.35
05/11/2009;9717.44
04/11/2009;9844.31
02/11/2009;9802.95
30/10/2009;10034.74
29/10/2009;9891.1
28/10/2009;10075.05
27/10/2009;10212.46
26/10/2009;10362.62
23/10/2009;10282.99
22/10/2009;10267.17
21/10/2009;10333.39
20/10/2009;10336.84
19/10/2009;10236.51
16/10/2009;10257.56
15/10/2009;10238.65
14/10/2009;10060.21
13/10/2009;10076.56
09/10/2009;10016.39
08/10/2009;9832.47
07/10/2009;9799.6
06/10/2009;9691.8
05/10/2009;9674.49
02/10/2009;9731.87
01/10/2009;9978.64
30/09/2009;10133.23
29/09/2009;10100.2
28/09/2009;10009.52
25/09/2009;10265.98
24/09/2009;10544.22
18/09/2009;10370.54
17/09/2009;10443.8
16/09/2009;10270.77
15/09/2009;10217.62
14/09/2009;10202.06
11/09/2009;10444.33
10/09/2009;10513.67
09/09/2009;10312.14
08/09/2009;10393.23
07/09/2009;10320.94
04/09/2009;10187.11
03/09/2009;10214.64
02/09/2009;10280.46
01/09/2009;10530.06
31/08/2009;10492.53
28/08/2009;10534.14
27/08/2009;10473.97
26/08/2009;10639.71
25/08/2009;10497.36
24/08/2009;10581.05
21/08/2009;10238.2
20/08/2009;10383.41
19/08/2009;10204
18/08/2009;10284.96
17/08/2009;10268.61
14/08/2009;10597.33
13/08/2009;10517.19
12/08/2009;10435
11/08/2009;10585.46
10/08/2009;10524.26
07/08/2009;10412.09
06/08/2009;10388.09
05/08/2009;10252.53
04/08/2009;10375.01
03/08/2009;10352.47
31/07/2009;10356.83
30/07/2009;10165.21
29/07/2009;10113.24
28/07/2009;10087.26
27/07/2009;10088.66
24/07/2009;9944.55
23/07/2009;9792.94
22/07/2009;9723.16
21/07/2009;9652.02
17/07/2009;9395.32
16/07/2009;9344.16
15/07/2009;9269.25
14/07/2009;9261.81
13/07/2009;9050.33
10/07/2009;9287.28
09/07/2009;9291.06
08/07/2009;9420.75
07/07/2009;9647.79
06/07/2009;9680.87
03/07/2009;9816.07
02/07/2009;9876.15
01/07/2009;9939.93
30/06/2009;9958.44
29/06/2009;9783.47
26/06/2009;9877.39
25/06/2009;9796.08
24/06/2009;9590.32
23/06/2009;9549.61
22/06/2009;9826.27
19/06/2009;9786.26
18/06/2009;9703.72
17/06/2009;9840.85
16/06/2009;9752.88
15/06/2009;10039.67
12/06/2009;10135.82
11/06/2009;9981.33
10/06/2009;9991.49
09/06/2009;9786.82
08/06/2009;9865.63
05/06/2009;9768.01
04/06/2009;9668.96
03/06/2009;9741.67
02/06/2009;9704.31
01/06/2009;9677.75
29/05/2009;9522.5
28/05/2009;9451.39
27/05/2009;9438.77
26/05/2009;9310.81
25/05/2009;9347
22/05/2009;9225.81
21/05/2009;9264.15
20/05/2009;9344.64
19/05/2009;9290.29
18/05/2009;9038.69
15/05/2009;9265.02
14/05/2009;9093.73
13/05/2009;9340.49
12/05/2009;9298.61
11/05/2009;9451.98
08/05/2009;9432.83
07/05/2009;9385.7
01/05/2009;8977.37
30/04/2009;8828.26
28/04/2009;8493.77
27/04/2009;8726.34
24/04/2009;8707.99
23/04/2009;8847.01
22/04/2009;8727.3
21/04/2009;8711.33
20/04/2009;8924.75
17/04/2009;8907.58
16/04/2009;8755.26
15/04/2009;8742.96
14/04/2009;8842.68
13/04/2009;8924.43
10/04/2009;8964.11
09/04/2009;8916.06
08/04/2009;8595.01
07/04/2009;8832.85
06/04/2009;8857.93
03/04/2009;8749.84
02/04/2009;8719.78
01/04/2009;8351.91
31/03/2009;8109.53
30/03/2009;8236.08
27/03/2009;8626.97
26/03/2009;8636.33
25/03/2009;8479.99
24/03/2009;8488.3
23/03/2009;8215.53
19/03/2009;7945.96
18/03/2009;7972.17
17/03/2009;7949.13
16/03/2009;7704.15
13/03/2009;7569.28
12/03/2009;7198.25
11/03/2009;7376.12
10/03/2009;7054.98
09/03/2009;7086.03
06/03/2009;7173.1
05/03/2009;7433.49
04/03/2009;7290.96
03/03/2009;7229.72
02/03/2009;7280.15
27/02/2009;7568.42
26/02/2009;7457.93
25/02/2009;7461.22
24/02/2009;7268.56
23/02/2009;7376.16
20/02/2009;7416.38
19/02/2009;7557.65
18/02/2009;7534.44
17/02/2009;7645.51
16/02/2009;7750.17
13/02/2009;7779.4
12/02/2009;7705.36
10/02/2009;7945.94
09/02/2009;7969.03
06/02/2009;8076.62
05/02/2009;7949.65
04/02/2009;8038.94
03/02/2009;7825.51
02/02/2009;7873.98
30/01/2009;7994.05
29/01/2009;8251.24
28/01/2009;8106.29
27/01/2009;8061.07
26/01/2009;7682.14
23/01/2009;7745.25
22/01/2009;8051.74
21/01/2009;7901.64
20/01/2009;8065.79
19/01/2009;8256.85
16/01/2009;8230.15
15/01/2009;8023.31
14/01/2009;8438.45
13/01/2009;8413.91
09/01/2009;8836.8
08/01/2009;8876.42
07/01/2009;9239.24
06/01/2009;9080.84
05/01/2009;9043.12
30/12/2008;8859.56
29/12/2008;8747.17
26/12/2008;8739.52
25/12/2008;8599.5
24/12/2008;8517.1
22/12/2008;8723.78
19/12/2008;8588.52
18/12/2008;8667.23
17/12/2008;8612.52
16/12/2008;8568.02
15/12/2008;8664.66
12/12/2008;8235.87
11/12/2008;8720.55
10/12/2008;8660.24
09/12/2008;8395.87
08/12/2008;8329.05
05/12/2008;7917.51
04/12/2008;7924.24
03/12/2008;8004.1
02/12/2008;7863.69
01/12/2008;8397.22
28/11/2008;8512.27
27/11/2008;8373.39
26/11/2008;8213.22
25/11/2008;8323.93
21/11/2008;7910.79
20/11/2008;7703.04
19/11/2008;8273.22
18/11/2008;8328.41
17/11/2008;8522.58
14/11/2008;8462.39
13/11/2008;8238.64
12/11/2008;8695.51
11/11/2008;8809.3
10/11/2008;9081.43
07/11/2008;8583
06/11/2008;8899.14
05/11/2008;9521.24
04/11/2008;9114.6
31/10/2008;8576.98
30/10/2008;9029.76
29/10/2008;8211.9
28/10/2008;7621.92
27/10/2008;7162.9
24/10/2008;7649.08
23/10/2008;8460.98
22/10/2008;8674.69
21/10/2008;9306.25
20/10/2008;9005.59
17/10/2008;8693.82
16/10/2008;8458.45
15/10/2008;9547.47
14/10/2008;9447.57
10/10/2008;8276.43
09/10/2008;9157.49
08/10/2008;9203.32
07/10/2008;10155.9
06/10/2008;10473.09
03/10/2008;10938.14
02/10/2008;11154.76
01/10/2008;11368.26
30/09/2008;11259.86
29/09/2008;11743.61
26/09/2008;11893.16
25/09/2008;12006.53
24/09/2008;12115.03
22/09/2008;12090.59
19/09/2008;11920.86
18/09/2008;11489.3
17/09/2008;11749.79
16/09/2008;11609.72
12/09/2008;12214.76
11/09/2008;12102.5
10/09/2008;12346.63
09/09/2008;12400.65
08/09/2008;12624.46
05/09/2008;12212.23
04/09/2008;12557.66
03/09/2008;12689.59
02/09/2008;12609.47
01/09/2008;12834.18
29/08/2008;13072.87
28/08/2008;12768.25
27/08/2008;12752.96
26/08/2008;12778.71
25/08/2008;12878.66
22/08/2008;12666.04
21/08/2008;12752.21
20/08/2008;12851.69
19/08/2008;12865.05
18/08/2008;13165.45
15/08/2008;13019.41
14/08/2008;12956.8
13/08/2008;13023.05
12/08/2008;13303.6
11/08/2008;13430.91
08/08/2008;13168.41
07/08/2008;13124.99
06/08/2008;13254.89
05/08/2008;12914.66
04/08/2008;12933.18
01/08/2008;13094.59
31/07/2008;13376.81
30/07/2008;13367.79
29/07/2008;13159.45
28/07/2008;13353.78
25/07/2008;13334.76
24/07/2008;13603.31
23/07/2008;13312.93
22/07/2008;13184.96
18/07/2008;12803.7
17/07/2008;12887.95
16/07/2008;12760.8
15/07/2008;12754.56
14/07/2008;13010.16
11/07/2008;13039.69
10/07/2008;13067.21
09/07/2008;13052.13
08/07/2008;13033.1
07/07/2008;13360.04
04/07/2008;13237.89
03/07/2008;13265.4
02/07/2008;13286.37
01/07/2008;13463.2
30/06/2008;13481.38
27/06/2008;13544.36
26/06/2008;13822.32
25/06/2008;13829.92
24/06/2008;13849.56
23/06/2008;13857.47
20/06/2008;13942.08
19/06/2008;14130.17
18/06/2008;14452.82
17/06/2008;14348.37
16/06/2008;14354.37
13/06/2008;13973.73
12/06/2008;13888.6
11/06/2008;14183.48
10/06/2008;14021.17
09/06/2008;14181.38
06/06/2008;14489.44
05/06/2008;14341.12
04/06/2008;14435.57
03/06/2008;14209.17
02/06/2008;14440.14
30/05/2008;14338.54
29/05/2008;14124.47
28/05/2008;13709.44
27/05/2008;13893.31
26/05/2008;13690.19
23/05/2008;14012.2
22/05/2008;13978.46
21/05/2008;13926.3
20/05/2008;14160.09
19/05/2008;14269.61
16/05/2008;14219.48
15/05/2008;14251.74
14/05/2008;14118.55
13/05/2008;13953.73
12/05/2008;13743.36
09/05/2008;13655.34
08/05/2008;13943.26
07/05/2008;14102.48
02/05/2008;14049.26
01/05/2008;13766.86
30/04/2008;13849.99
28/04/2008;13894.37
25/04/2008;13863.47
24/04/2008;13540.87
23/04/2008;13579.16
22/04/2008;13547.82
21/04/2008;13696.55
18/04/2008;13476.45
17/04/2008;13398.3
16/04/2008;13146.13
15/04/2008;12990.58
14/04/2008;12917.51
11/04/2008;13323.73
10/04/2008;12945.3
09/04/2008;13111.89
08/04/2008;13250.43
07/04/2008;13450.23
04/04/2008;13293.22
03/04/2008;13389.9
02/04/2008;13189.36
01/04/2008;12656.42
31/03/2008;12525.54
28/03/2008;12820.47
27/03/2008;12604.58
26/03/2008;12706.63
25/03/2008;12745.22
24/03/2008;12480.09
21/03/2008;12482.57
19/03/2008;12260.44
18/03/2008;11964.16
17/03/2008;11787.51
14/03/2008;12241.6
13/03/2008;12433.44
12/03/2008;12861.13
11/03/2008;12658.28
10/03/2008;12532.13
07/03/2008;12782.8
06/03/2008;13215.42
05/03/2008;12972.06
04/03/2008;12992.28
03/03/2008;12992.18
29/02/2008;13603.02
28/02/2008;13925.51
27/02/2008;14031.3
26/02/2008;13824.72
25/02/2008;13914.57
22/02/2008;13500.46
21/02/2008;13688.28
20/02/2008;13310.37
19/02/2008;13757.91
18/02/2008;13635.4
15/02/2008;13622.56
14/02/2008;13626.45
13/02/2008;13068.3
12/02/2008;13021.96
08/02/2008;13017.24
07/02/2008;13207.15
06/02/2008;13099.24
05/02/2008;13745.5
04/02/2008;13859.7
01/02/2008;13497.16
31/01/2008;13592.47
30/01/2008;13345.03
29/01/2008;13478.86
28/01/2008;13087.91
25/01/2008;13629.16
24/01/2008;13092.78
23/01/2008;12829.06
22/01/2008;12573.05
21/01/2008;13325.94
18/01/2008;13861.29
17/01/2008;13783.45
16/01/2008;13504.51
15/01/2008;13972.63
11/01/2008;14110.79
10/01/2008;14388.11
09/01/2008;14599.16
08/01/2008;14528.67
07/01/2008;14500.55
04/01/2008;14691.41
28/12/2007;15307.78
27/12/2007;15564.69
26/12/2007;15653.54
25/12/2007;15552.59
21/12/2007;15257
20/12/2007;15031.6
19/12/2007;15030.51
18/12/2007;15207.86
17/12/2007;15249.79
14/12/2007;15514.51
13/12/2007;15536.52
12/12/2007;15932.26
11/12/2007;16044.72
10/12/2007;15924.39
07/12/2007;15956.37
06/12/2007;15874.08
05/12/2007;15608.88
04/12/2007;15480.19
03/12/2007;15628.97
30/11/2007;15680.67
29/11/2007;15513.74
28/11/2007;15153.78
27/11/2007;15222.85
26/11/2007;15135.21
22/11/2007;14888.77
21/11/2007;14837.66
20/11/2007;15211.52
19/11/2007;15042.56
16/11/2007;15154.61
15/11/2007;15396.3
14/11/2007;15499.56
13/11/2007;15126.63
12/11/2007;15197.09
09/11/2007;15583.42
08/11/2007;15771.57
07/11/2007;16096.68
06/11/2007;16249.63
05/11/2007;16268.92
02/11/2007;16517.48
01/11/2007;16870.4
31/10/2007;16737.63
30/10/2007;16651.01
29/10/2007;16698.08
26/10/2007;16505.63
25/10/2007;16284.17
24/10/2007;16358.39
23/10/2007;16450.58
22/10/2007;16438.47
19/10/2007;16814.37
18/10/2007;17106.09
17/10/2007;16955.31
16/10/2007;17137.92
15/10/2007;17358.15
12/10/2007;17331.17
11/10/2007;17458.98
10/10/2007;17177.89
09/10/2007;17159.9
05/10/2007;17065.04
04/10/2007;17092.49
03/10/2007;17199.89
02/10/2007;17046.78
01/10/2007;16845.96
28/09/2007;16785.69
27/09/2007;16832.22
26/09/2007;16435.74
25/09/2007;16401.73
21/09/2007;16312.61
20/09/2007;16413.79
19/09/2007;16381.54
18/09/2007;15801.8
14/09/2007;16127.42
13/09/2007;15821.19
12/09/2007;15797.6
11/09/2007;15877.67
10/09/2007;15764.97
07/09/2007;16122.16
06/09/2007;16257
05/09/2007;16158.45
04/09/2007;16420.47
03/09/2007;16524.93
31/08/2007;16569.09
30/08/2007;16153.82
29/08/2007;16012.83
28/08/2007;16287.49
27/08/2007;16301.39
24/08/2007;16248.97
23/08/2007;16316.32
22/08/2007;15900.64
21/08/2007;15901.34
20/08/2007;15732.48
17/08/2007;15273.68
16/08/2007;16148.49
15/08/2007;16475.61
14/08/2007;16844.61
13/08/2007;16800.05
10/08/2007;16764.09
09/08/2007;17170.6
08/08/2007;17029.28
07/08/2007;16921.77
06/08/2007;16914.46
03/08/2007;16979.86
02/08/2007;16984.11
01/08/2007;16870.98
31/07/2007;17248.89
30/07/2007;17289.3
27/07/2007;17283.81
26/07/2007;17702.09
25/07/2007;17858.42
24/07/2007;18002.03
23/07/2007;17963.64
20/07/2007;18157.93
19/07/2007;18116.57
18/07/2007;18015.58
17/07/2007;18217.27
13/07/2007;18238.95
12/07/2007;17984.14
11/07/2007;18049.51
10/07/2007;18252.67
09/07/2007;18261.98
06/07/2007;18140.94
05/07/2007;18221.48
04/07/2007;18168.72
03/07/2007;18149.9
02/07/2007;18146.3
29/06/2007;18138.36
28/06/2007;17932.27
27/06/2007;17849.28
26/06/2007;18066.11
25/06/2007;18087.48
22/06/2007;18188.63
21/06/2007;18240.3
20/06/2007;18211.68
19/06/2007;18163.61
18/06/2007;18149.52
15/06/2007;17971.49
14/06/2007;17842.29
13/06/2007;17732.77
12/06/2007;17760.91
11/06/2007;17834.48
08/06/2007;17779.09
07/06/2007;18053.38
05/06/2007;18053.81
04/06/2007;17973.42
01/06/2007;17958.88
31/05/2007;17875.75
30/05/2007;17588.26
29/05/2007;17672.56
28/05/2007;17587.59
25/05/2007;17481.21
24/05/2007;17696.97
23/05/2007;17705.12
22/05/2007;17680.05
21/05/2007;17556.87
18/05/2007;17399.58
17/05/2007;17498.6
16/05/2007;17529
15/05/2007;17512.98
14/05/2007;17677.94
11/05/2007;17553.72
10/05/2007;17736.96
09/05/2007;17748.12
08/05/2007;17656.84
07/05/2007;17669.83
02/05/2007;17394.92
01/05/2007;17274.98
27/04/2007;17400.41
26/04/2007;17429.17
25/04/2007;17236.16
24/04/2007;17451.77
23/04/2007;17455.37
20/04/2007;17452.62
19/04/2007;17371.97
18/04/2007;17667.33
17/04/2007;17527.45
16/04/2007;17628.3
13/04/2007;17363.95
12/04/2007;17540.42
11/04/2007;17670.07
10/04/2007;17664.69
09/04/2007;17743.76
06/04/2007;17484.78
05/04/2007;17491.42
04/04/2007;17544.09
03/04/2007;17244.05
02/04/2007;17028.41
30/03/2007;17287.65
29/03/2007;17263.94
28/03/2007;17254.73
27/03/2007;17365.05
26/03/2007;17521.96
23/03/2007;17480.61
22/03/2007;17419.2
20/03/2007;17163.2
19/03/2007;17009.55
16/03/2007;16744.15
15/03/2007;16860.39
14/03/2007;16676.89
13/03/2007;17178.84
12/03/2007;17292.39
09/03/2007;17164.04
08/03/2007;17090.31
07/03/2007;16764.62
06/03/2007;16844.5
05/03/2007;16642.25
02/03/2007;17217.93
01/03/2007;17453.51
28/02/2007;17604.12
27/02/2007;18119.92
26/02/2007;18215.35
23/02/2007;18188.42
22/02/2007;18108.79
21/02/2007;17913.21
20/02/2007;17939.12
19/02/2007;17940.09
16/02/2007;17875.65
15/02/2007;17897.23
14/02/2007;17752.64
13/02/2007;17621.45
09/02/2007;17504.33
08/02/2007;17292.48
07/02/2007;17292.32
06/02/2007;17406.86
05/02/2007;17344.8
02/02/2007;17547.11
01/02/2007;17519.5
31/01/2007;17383.42
30/01/2007;17490.19
29/01/2007;17470.46
26/01/2007;17421.93
25/01/2007;17458.3
24/01/2007;17507.4
23/01/2007;17408.57
22/01/2007;17424.18
19/01/2007;17310.44
18/01/2007;17370.93
17/01/2007;17261.35
16/01/2007;17202.46
15/01/2007;17209.92
12/01/2007;17057.01
11/01/2007;16838.17
10/01/2007;16942.4
09/01/2007;17237.77
05/01/2007;17091.59
04/01/2007;17353.67
29/12/2006;17225.83
28/12/2006;17224.81
27/12/2006;17223.15
26/12/2006;17169.19
25/12/2006;17092.89
22/12/2006;17104.96
21/12/2006;17047.83
20/12/2006;17011.04
19/12/2006;16776.88
18/12/2006;16962.11
15/12/2006;16914.31
14/12/2006;16829.2
13/12/2006;16692.93
12/12/2006;16637.78
11/12/2006;16527.99
08/12/2006;16417.82
07/12/2006;16473.36
06/12/2006;16371.28
05/12/2006;16265.76
04/12/2006;16303.59
01/12/2006;16321.78
30/11/2006;16274.33
29/11/2006;16076.2
28/11/2006;15855.26
27/11/2006;15885.38
24/11/2006;15734.6
22/11/2006;15914.23
21/11/2006;15734.14
20/11/2006;15725.94
17/11/2006;16091.73
16/11/2006;16163.87
15/11/2006;16243.47
14/11/2006;16289.55
13/11/2006;16022.49
10/11/2006;16112.43
09/11/2006;16198.57
08/11/2006;16215.74
07/11/2006;16393.41
06/11/2006;16364.76
02/11/2006;16350.02
01/11/2006;16375.26
31/10/2006;16399.39
30/10/2006;16351.85
27/10/2006;16669.07
26/10/2006;16811.6
25/10/2006;16699.3
24/10/2006;16780.47
23/10/2006;16788.82
20/10/2006;16651.63
19/10/2006;16551.36
18/10/2006;16653
17/10/2006;16611.59
16/10/2006;16692.76
13/10/2006;16536.54
12/10/2006;16368.81
11/10/2006;16400.57
10/10/2006;16477.25
06/10/2006;16436.06
05/10/2006;16449.33
04/10/2006;16082.55
03/10/2006;16242.09
02/10/2006;16254.29
29/09/2006;16127.58
28/09/2006;16024.85
27/09/2006;15947.87
26/09/2006;15557.45
25/09/2006;15633.81
22/09/2006;15634.67
21/09/2006;15834.23
20/09/2006;15718.67
19/09/2006;15874.28
15/09/2006;15866.93
14/09/2006;15942.39
13/09/2006;15750.05
12/09/2006;15719.34
11/09/2006;15794.38
08/09/2006;16080.46
07/09/2006;16012.41
06/09/2006;16284.09
05/09/2006;16385.96
04/09/2006;16358.07
01/09/2006;16134.25
31/08/2006;16140.76
30/08/2006;15872.02
29/08/2006;15890.56
28/08/2006;15762.59
25/08/2006;15938.66
24/08/2006;15960.62
23/08/2006;16163.03
22/08/2006;16181.17
21/08/2006;15969.04
18/08/2006;16105.98
17/08/2006;16020.84
16/08/2006;16071.36
15/08/2006;15816.19
14/08/2006;15857.11
11/08/2006;15565.02
10/08/2006;15630.91
09/08/2006;15656.59
08/08/2006;15464.66
07/08/2006;15154.06
04/08/2006;15499.18
03/08/2006;15470.37
02/08/2006;15464.29
01/08/2006;15440.91
31/07/2006;15456.81
28/07/2006;15342.87
27/07/2006;15179.78
26/07/2006;14884.07
25/07/2006;15005.24
24/07/2006;14794.5
21/07/2006;14821.26
20/07/2006;14946.84
19/07/2006;14500.26
18/07/2006;14437.24
14/07/2006;14845.24
13/07/2006;15097.95
12/07/2006;15249.32
11/07/2006;15473.82
10/07/2006;15552.81
07/07/2006;15307.61
06/07/2006;15321.4
05/07/2006;15523.94
04/07/2006;15638.5
03/07/2006;15571.62
30/06/2006;15505.18
29/06/2006;15121.15
28/06/2006;14886.11
27/06/2006;15171.81
26/06/2006;15152.4
23/06/2006;15124.04
22/06/2006;15135.69
21/06/2006;14644.26
20/06/2006;14648.41
19/06/2006;14860.35
16/06/2006;14879.34
15/06/2006;14470.76
14/06/2006;14309.56
13/06/2006;14218.6
12/06/2006;14833.01
09/06/2006;14750.84
08/06/2006;14633.03
07/06/2006;15096.01
06/06/2006;15384.86
05/06/2006;15668.31
02/06/2006;15789.31
01/06/2006;15503.74
31/05/2006;15467.33
30/05/2006;15859.45
29/05/2006;15915.68
26/05/2006;15970.76
25/05/2006;15693.75
24/05/2006;15907.2
23/05/2006;15599.2
22/05/2006;15857.87
19/05/2006;16155.45
18/05/2006;16087.18
17/05/2006;16307.67
16/05/2006;16158.42
15/05/2006;16486.91
12/05/2006;16601.78
11/05/2006;16862.14
10/05/2006;16951.93
09/05/2006;17190.91
08/05/2006;17291.67
02/05/2006;17153.77
01/05/2006;16925.71
28/04/2006;16906.23
27/04/2006;17114.54
26/04/2006;17055.93
25/04/2006;16970.29
24/04/2006;16914.4
21/04/2006;17403.96
20/04/2006;17317.53
19/04/2006;17350.12
18/04/2006;17232.86
17/04/2006;17000.36
14/04/2006;17233.82
13/04/2006;17199.15
12/04/2006;17162.55
11/04/2006;17418.13
10/04/2006;17456.58
07/04/2006;17563.37
06/04/2006;17489.33
05/04/2006;17243.98
04/04/2006;17292.91
03/04/2006;17333.31
31/03/2006;17059.66
30/03/2006;17045.34
29/03/2006;16938.41
28/03/2006;16690.24
27/03/2006;16650.1
24/03/2006;16560.87
23/03/2006;16489.37
22/03/2006;16495.48
20/03/2006;16624.8
17/03/2006;16339.73
16/03/2006;16096.21
15/03/2006;16319.04
14/03/2006;16238.36
13/03/2006;16361.51
10/03/2006;16115.63
09/03/2006;16036.91
08/03/2006;15627.49
07/03/2006;15726.02
06/03/2006;15901.16
03/03/2006;15663.34
02/03/2006;15909.76
01/03/2006;15964.46
28/02/2006;16205.43
27/02/2006;16192.95
24/02/2006;16101.91
23/02/2006;16096.1
22/02/2006;15781.78
21/02/2006;15894.94
20/02/2006;15437.93
17/02/2006;15713.45
16/02/2006;16043.67
15/02/2006;15932.83
14/02/2006;16184.87
13/02/2006;15877.66
10/02/2006;16257.83
09/02/2006;16439.67
08/02/2006;16272.68
07/02/2006;16720.99
06/02/2006;16747.76
03/02/2006;16659.64
02/02/2006;16710.55
01/02/2006;16480.09
31/01/2006;16649.82
30/01/2006;16551.23
27/01/2006;16460.68
26/01/2006;15891.02
25/01/2006;15651
24/01/2006;15648.89
23/01/2006;15360.65
20/01/2006;15696.69
19/01/2006;15696.28
18/01/2006;15341.18
17/01/2006;15805.95
16/01/2006;16268.03
13/01/2006;16454.95
12/01/2006;16445.19
11/01/2006;16363.59
10/01/2006;16124.35
06/01/2006;16428.21
05/01/2006;16425.37
04/01/2006;16361.54
30/12/2005;16111.43
29/12/2005;16344.2
28/12/2005;16194.61
27/12/2005;15969.4
26/12/2005;16107.67
22/12/2005;15941.37
21/12/2005;15957.57
20/12/2005;15641.26
19/12/2005;15391.48
16/12/2005;15173.07
15/12/2005;15254.44
14/12/2005;15464.58
13/12/2005;15778.86
12/12/2005;15738.7
09/12/2005;15404.05
08/12/2005;15183.36
07/12/2005;15484.66
06/12/2005;15423.38
05/12/2005;15551.31
02/12/2005;15421.6
01/12/2005;15130.5
30/11/2005;14872.15
29/11/2005;14927.7
28/11/2005;14986.94
25/11/2005;14784.29
24/11/2005;14742.58
22/11/2005;14708.32
21/11/2005;14680.43
18/11/2005;14623.12
17/11/2005;14411.79
16/11/2005;14170.87
15/11/2005;14091.77
14/11/2005;14116.04
11/11/2005;14155.06
10/11/2005;14080.88
09/11/2005;14072.2
08/11/2005;14036.73
07/11/2005;14061.6
04/11/2005;14075.96
02/11/2005;13894.78
01/11/2005;13867.86
31/10/2005;13606.5
28/10/2005;13346.54
27/10/2005;13417.08
26/10/2005;13395.02
25/10/2005;13280.62
24/10/2005;13106.18
21/10/2005;13199.95
20/10/2005;13190.46
19/10/2005;13129.49
18/10/2005;13352.24
17/10/2005;13400.29
14/10/2005;13420.54
13/10/2005;13449.24
12/10/2005;13463.74
11/10/2005;13556.71
07/10/2005;13227.74
06/10/2005;13359.51
05/10/2005;13689.89
04/10/2005;13738.84
03/10/2005;13525.28
30/09/2005;13574.3
29/09/2005;13617.24
28/09/2005;13435.91
27/09/2005;13310.04
26/09/2005;13392.63
22/09/2005;13159.36
21/09/2005;13196.57
20/09/2005;13148.57
16/09/2005;12958.68
15/09/2005;12986.78
14/09/2005;12834.25
13/09/2005;12901.95
12/09/2005;12896.43
09/09/2005;12692.04
08/09/2005;12533.89
07/09/2005;12607.59
06/09/2005;12599.43
05/09/2005;12634.88
02/09/2005;12600
01/09/2005;12506.97
31/08/2005;12413.6
30/08/2005;12453.14
29/08/2005;12309.83
26/08/2005;12439.48
25/08/2005;12405.16
24/08/2005;12502.26
23/08/2005;12472.93
22/08/2005;12452.51
19/08/2005;12291.73
18/08/2005;12307.37
17/08/2005;12273.12
16/08/2005;12315.67
15/08/2005;12256.55
12/08/2005;12261.68
11/08/2005;12263.32
10/08/2005;12098.08
09/08/2005;11900.32
08/08/2005;11778.98
05/08/2005;11766.48
04/08/2005;11883.31
03/08/2005;11981.8
02/08/2005;11940.2
01/08/2005;11946.92
29/07/2005;11899.6
28/07/2005;11858.31
27/07/2005;11835.08
26/07/2005;11737.96
25/07/2005;11762.65
22/07/2005;11695.05
21/07/2005;11786.73
20/07/2005;11789.35
19/07/2005;11764.84
15/07/2005;11758.68
14/07/2005;11764.26
13/07/2005;11659.84
12/07/2005;11692.14
11/07/2005;11674.79
08/07/2005;11565.99
07/07/2005;11590.14
06/07/2005;11603.53
05/07/2005;11616.7
04/07/2005;11651.55
01/07/2005;11630.13
30/06/2005;11584.01
29/06/2005;11577.44
28/06/2005;11513.83
27/06/2005;11414.28
24/06/2005;11537.03
23/06/2005;11576.75
22/06/2005;11547.28
21/06/2005;11488.74
20/06/2005;11483.35
17/06/2005;11514.03
16/06/2005;11416.38
15/06/2005;11415.88
14/06/2005;11335.92
13/06/2005;11311.51
10/06/2005;11304.23
09/06/2005;11160.88
08/06/2005;11281.03
07/06/2005;11217.45
06/06/2005;11270.62
03/06/2005;11300.05
02/06/2005;11280.05
01/06/2005;11329.67
31/05/2005;11276.59
30/05/2005;11266.33
27/05/2005;11192.33
26/05/2005;11027.94
25/05/2005;11014.43
24/05/2005;11133.65
23/05/2005;11158.65
20/05/2005;11037.29
19/05/2005;11077.16
18/05/2005;10835.41
17/05/2005;10825.39
16/05/2005;10947.22
13/05/2005;11049.11
12/05/2005;11077.94
11/05/2005;11120.7
10/05/2005;11159.46
09/05/2005;11171.32
06/05/2005;11192.17
02/05/2005;11002.11
28/04/2005;11008.9
27/04/2005;11005.42
26/04/2005;11035.83
25/04/2005;11073.77
22/04/2005;11045.95
21/04/2005;10984.39
20/04/2005;11088.58
19/04/2005;11065.86
18/04/2005;10938.44
15/04/2005;11370.69
14/04/2005;11563.17
13/04/2005;11637.52
12/04/2005;11670.3
11/04/2005;11745.64
08/04/2005;11874.75
07/04/2005;11810.99
06/04/2005;11827.16
05/04/2005;11774.31
04/04/2005;11667.54
01/04/2005;11723.63
31/03/2005;11668.95
30/03/2005;11565.88
29/03/2005;11599.82
28/03/2005;11792.3
25/03/2005;11761.1
24/03/2005;11745.97
23/03/2005;11739.12
22/03/2005;11841.97
18/03/2005;11879.81
17/03/2005;11775.5
16/03/2005;11873.18
15/03/2005;11821.09
14/03/2005;11850.25
11/03/2005;11923.89
10/03/2005;11864.91
09/03/2005;11966.69
08/03/2005;11886.91
07/03/2005;11925.36
04/03/2005;11873.05
03/03/2005;11856.46
02/03/2005;11813.71
01/03/2005;11780.53
28/02/2005;11740.6
25/02/2005;11658.25
24/02/2005;11531.15
23/02/2005;11500.18
22/02/2005;11597.71
21/02/2005;11651.02
18/02/2005;11660.12
17/02/2005;11582.72
16/02/2005;11601.68
15/02/2005;11646.49
14/02/2005;11632.2
10/02/2005;11553.56
09/02/2005;11473.35
08/02/2005;11490.43
07/02/2005;11499.86
04/02/2005;11360.4
03/02/2005;11389.35
02/02/2005;11407.14
01/02/2005;11384.4
31/01/2005;11387.59
28/01/2005;11320.58
27/01/2005;11341.31
26/01/2005;11376.57
25/01/2005;11276.91
24/01/2005;11289.49
21/01/2005;11238.37
20/01/2005;11284.77
19/01/2005;11405.34
18/01/2005;11423.26
17/01/2005;11487.1
14/01/2005;11438.39
13/01/2005;11358.22
12/01/2005;11453.39
11/01/2005;11539.99
07/01/2005;11433.24
06/01/2005;11492.26
05/01/2005;11437.52
04/01/2005;11517.75
30/12/2004;11488.76
29/12/2004;11381.56
28/12/2004;11424.13
27/12/2004;11362.35
24/12/2004;11365.48
22/12/2004;11209.44
21/12/2004;11125.92
20/12/2004;11103.42
17/12/2004;11078.32
16/12/2004;10924.37
15/12/2004;10956.46
14/12/2004;10915.58
13/12/2004;10789.25
10/12/2004;10756.8
09/12/2004;10776.63
08/12/2004;10941.37
07/12/2004;10873.63
06/12/2004;10981.96
03/12/2004;11074.89
02/12/2004;10973.07
01/12/2004;10784.25
30/11/2004;10899.25
29/11/2004;10977.89
26/11/2004;10833.75
25/11/2004;10900.34
24/11/2004;10872.33
22/11/2004;10849.39
19/11/2004;11082.84
18/11/2004;11082.42
17/11/2004;11131.29
16/11/2004;11161.75
15/11/2004;11227.57
12/11/2004;11019.98
11/11/2004;10846.92
10/11/2004;10994.96
09/11/2004;10964.87
08/11/2004;10983.83
05/11/2004;11061.77
04/11/2004;10946.27
02/11/2004;10887.81
01/11/2004;10734.71
29/10/2004;10771.42
28/10/2004;10853.12
27/10/2004;10691.95
26/10/2004;10672.46
25/10/2004;10659.15
22/10/2004;10857.13
21/10/2004;10789.23
20/10/2004;10882.18
19/10/2004;11064.86
18/10/2004;10965.62
15/10/2004;10982.95
14/10/2004;11034.29
13/10/2004;11195.99
12/10/2004;11201.81
08/10/2004;11349.35
07/10/2004;11354.59
06/10/2004;11385.38
05/10/2004;11281.83
04/10/2004;11279.63
01/10/2004;10985.17
30/09/2004;10823.57
29/09/2004;10786.1
28/09/2004;10815.57
27/09/2004;10859.32
24/09/2004;10895.16
22/09/2004;11019.41
21/09/2004;11080.87
17/09/2004;11082.49
16/09/2004;11139.36
15/09/2004;11158.58
14/09/2004;11295.58
13/09/2004;11253.11
10/09/2004;11083.23
09/09/2004;11170.96
08/09/2004;11279.19
07/09/2004;11298.94
06/09/2004;11244.37
03/09/2004;11022.49
02/09/2004;11152.75
01/09/2004;11127.35
31/08/2004;11081.79
30/08/2004;11184.53
27/08/2004;11209.59
26/08/2004;11129.33
25/08/2004;11130.02
24/08/2004;10985.33
23/08/2004;10960.97
20/08/2004;10889.14
19/08/2004;10903.53
18/08/2004;10774.26
17/08/2004;10725.97
16/08/2004;10687.81
13/08/2004;10757.2
12/08/2004;11028.07
11/08/2004;11049.46
10/08/2004;10953.55
09/08/2004;10908.7
06/08/2004;10972.57
05/08/2004;11060.89
04/08/2004;11010.02
03/08/2004;11140.57
02/08/2004;11222.24
30/07/2004;11325.78
29/07/2004;11116.84
28/07/2004;11204.37
27/07/2004;11031.54
26/07/2004;11159.55
23/07/2004;11187.33
22/07/2004;11285.04
21/07/2004;11433.86
20/07/2004;11258.37
16/07/2004;11436
15/07/2004;11409.14
14/07/2004;11356.65
13/07/2004;11608.62
12/07/2004;11582.28
09/07/2004;11423.53
08/07/2004;11322.23
07/07/2004;11384.86
06/07/2004;11475.27
05/07/2004;11541.71
02/07/2004;11721.49
01/07/2004;11896.01
30/06/2004;11858.87
29/06/2004;11860.81
28/06/2004;11884.06
25/06/2004;11780.4
24/06/2004;11744.15
23/06/2004;11580.56
22/06/2004;11581.27
21/06/2004;11600.16
18/06/2004;11382.08
17/06/2004;11607.9
16/06/2004;11641.72
15/06/2004;11387.7
14/06/2004;11491.66
11/06/2004;11526.82
10/06/2004;11575.97
09/06/2004;11449.74
08/06/2004;11521.93
07/06/2004;11439.92
04/06/2004;11128.05
03/06/2004;11027.05
02/06/2004;11242.34
01/06/2004;11296.76
31/05/2004;11236.37
28/05/2004;11309.57
27/05/2004;11166.03
26/05/2004;11152.09
25/05/2004;10962.93
24/05/2004;11101.64
21/05/2004;11070.25
20/05/2004;10862.04
19/05/2004;10967.74
18/05/2004;10711.09
17/05/2004;10505.05
14/05/2004;10849.63
13/05/2004;10825.1
12/05/2004;11153.58
11/05/2004;10907.18
10/05/2004;10884.7
07/05/2004;11438.82
06/05/2004;11571.34
30/04/2004;11761.79
28/04/2004;12004.29
27/04/2004;12044.88
26/04/2004;12163.89
23/04/2004;12120.66
22/04/2004;11980.1
21/04/2004;11944.3
20/04/2004;11952.26
